Date,Actual,Predicted,Prob_Down,Prob_Neutral,Prob_Up,fold
2020-01-01,2,0,0.40827405,0.30112222,0.2906037,1
2020-01-02,0,0,0.43822196,0.33243874,0.22933924,1
2020-01-03,0,1,0.3819739,0.39833388,0.21969222,1
2020-01-06,2,1,0.25338864,0.6563153,0.09029598,1
2020-01-07,1,1,0.31547886,0.350499,0.3340221,1
2020-01-08,2,1,0.3371478,0.33851728,0.32433492,1
2020-01-09,2,2,0.21482031,0.17173344,0.6134463,1
2020-01-10,2,2,0.33551505,0.32783088,0.33665404,1
2020-01-13,2,2,0.3395696,0.29768282,0.3627476,1
2020-01-14,1,1,0.29718143,0.4132995,0.2895191,1
2020-01-15,1,1,0.38235503,0.3871353,0.23050965,1
2020-01-16,1,0,0.42526305,0.36123592,0.21350098,1
2020-01-17,0,0,0.38358647,0.35149056,0.26492292,1
2020-01-20,0,0,0.38712403,0.38187838,0.23099756,1
2020-01-21,0,2,0.35348484,0.25255734,0.3939578,1
2020-01-22,2,0,0.40683275,0.2294423,0.363725,1
2020-01-23,2,1,0.31377402,0.36738014,0.31884587,1
2020-01-24,0,0,0.42804834,0.27332923,0.29862246,1
2020-01-27,0,1,0.31486747,0.48019323,0.20493926,1
2020-01-28,2,1,0.23050007,0.38653645,0.38296342,1
2020-01-29,0,1,0.29703304,0.3703211,0.33264586,1
2020-01-30,0,2,0.19681403,0.38296425,0.42022178,1
2020-01-31,0,2,0.18188922,0.37691557,0.44119522,1
2020-02-03,2,1,0.20971961,0.58996624,0.20031418,1
2020-02-04,2,0,0.43592396,0.26179886,0.30227715,1
2020-02-05,2,0,0.411991,0.3636482,0.22436075,1
2020-02-06,0,0,0.42435342,0.3686226,0.20702398,1
2020-02-07,0,0,0.3553223,0.34350187,0.3011758,1
2020-02-10,2,0,0.39134976,0.314523,0.2941272,1
2020-02-11,2,0,0.44914055,0.2970295,0.25383,1
2020-02-12,1,1,0.34487346,0.36416793,0.29095864,1
2020-02-13,0,1,0.34211573,0.34236687,0.31551743,1
2020-02-14,0,0,0.3507631,0.32907856,0.32015836,1
2020-02-17,0,2,0.3294903,0.24547209,0.42503765,1
2020-02-18,2,0,0.50354815,0.22779122,0.2686606,1
2020-02-19,0,0,0.48733482,0.2585394,0.25412577,1
2020-02-20,0,1,0.27559927,0.39804414,0.32635662,1
2020-02-24,0,1,0.22753485,0.5535706,0.21889451,1
2020-02-25,0,0,0.38973284,0.33096874,0.27929845,1
2020-02-26,0,1,0.2790926,0.4601979,0.2607095,1
2020-02-27,0,0,0.40118217,0.3107239,0.2880939,1
2020-02-28,0,0,0.3621147,0.300004,0.33788127,1
2020-03-02,2,2,0.3606689,0.25658754,0.3827436,1
2020-03-03,0,0,0.63289016,0.11983096,0.2472789,1
2020-03-04,1,0,0.5360337,0.12581556,0.33815077,1
2020-03-05,0,0,0.59050167,0.16914663,0.24035172,1
2020-03-06,0,2,0.30457804,0.18306528,0.5123567,1
2020-03-09,1,2,0.22905692,0.09515536,0.67578775,1
2020-03-11,0,2,0.42282352,0.07226561,0.5049109,1
2020-03-12,2,2,0.27174047,0.061909087,0.6663504,1
2020-03-13,0,0,0.47043526,0.075623736,0.45394102,1
2020-03-16,0,2,0.29271334,0.061039776,0.64624685,1
2020-03-17,0,2,0.29641548,0.06181178,0.64177275,1
2020-03-18,0,2,0.28097638,0.058592245,0.6604313,1
2020-03-19,2,2,0.2809497,0.058681674,0.6603686,1
2020-03-20,0,0,0.47238186,0.074421845,0.45319635,1
2020-03-23,2,2,0.3231682,0.05591484,0.62091696,1
2020-03-24,2,2,0.4081644,0.04890457,0.542931,1
2020-03-25,2,2,0.3892191,0.06639053,0.5443904,1
2020-03-26,1,2,0.39815164,0.06966671,0.5321817,1
2020-03-27,0,2,0.3828935,0.051411018,0.56569546,1
2020-03-30,2,2,0.3834395,0.06118241,0.5553781,1
2020-03-31,0,0,0.5254036,0.05830131,0.41629508,1
2020-04-01,0,2,0.32213616,0.06602493,0.6118389,1
2020-04-03,2,2,0.40840077,0.07378674,0.5178125,1
2020-04-07,0,0,0.43032935,0.13991751,0.4297531,1
2020-04-08,2,0,0.48807138,0.07404392,0.43788472,1
2020-04-09,0,2,0.40183285,0.18339822,0.4147689,1
2020-04-13,0,2,0.44083565,0.076605566,0.48255873,1
2020-04-15,2,2,0.46167356,0.072703265,0.46562314,1
2020-04-16,2,0,0.50034744,0.103722535,0.39593,1
2020-04-17,1,2,0.3917664,0.20385519,0.40437838,1
2020-04-20,0,0,0.48115808,0.075137265,0.4437047,1
2020-04-21,2,0,0.48123205,0.07527857,0.44348943,1
2020-04-22,2,2,0.39094758,0.20551917,0.40353322,1
2020-04-23,0,0,0.53338534,0.20938896,0.2572257,1
2020-04-24,2,0,0.4777622,0.10203743,0.4202004,1
2020-04-27,2,0,0.3887955,0.24810798,0.36309654,1
2020-04-28,2,2,0.2952773,0.2061524,0.49857032,1
2020-04-29,2,2,0.1450362,0.42479917,0.43016464,1
2020-04-30,0,2,0.18014102,0.34942853,0.47043043,1
2020-05-04,0,0,0.5808715,0.08277586,0.3363526,1
2020-05-05,2,0,0.5461792,0.102649875,0.3511709,1
2020-05-06,0,0,0.5791333,0.12535234,0.29551435,1
2020-05-07,2,0,0.57529354,0.068654865,0.3560516,1
2020-05-08,1,0,0.49915013,0.10369892,0.397151,1
2020-05-11,0,0,0.5508377,0.06824502,0.38091725,1
2020-05-12,2,0,0.48383218,0.08905089,0.42711696,1
2020-05-13,0,0,0.5724003,0.18244517,0.24515457,1
2020-05-14,1,0,0.506182,0.06093156,0.43288642,1
2020-05-15,0,0,0.56745356,0.0595435,0.37300292,1
2020-05-18,2,2,0.39183587,0.105761155,0.50240296,1
2020-05-19,2,2,0.37542325,0.0902615,0.5343153,1
2020-05-20,2,2,0.22296852,0.18176465,0.5952668,1
2020-05-21,0,2,0.3230436,0.11396213,0.5629943,1
2020-05-22,1,2,0.36952573,0.072044075,0.5584302,1
2020-05-26,2,2,0.39017707,0.06716431,0.5426587,1
2020-05-27,2,2,0.2528885,0.23645101,0.51066047,1
2020-05-28,2,2,0.2407985,0.2870747,0.47212678,1
2020-05-29,2,0,0.44079855,0.208329,0.35087243,1
2020-06-01,2,1,0.27152258,0.42100364,0.30747378,1
2020-06-02,2,0,0.36145696,0.35159338,0.28694963,1
2020-06-03,0,1,0.29045078,0.42292172,0.28662753,1
2020-06-04,2,2,0.3590381,0.23823042,0.40273145,1
2020-06-05,1,1,0.31895497,0.39544538,0.28559968,1
2020-06-08,0,1,0.28210405,0.39139366,0.32650232,1
2020-06-09,2,2,0.37154856,0.23249099,0.39596048,1
2020-06-10,0,0,0.40350255,0.29673502,0.2997625,1
2020-06-11,2,2,0.31844062,0.30585292,0.3757065,1
2020-06-12,0,2,0.33521202,0.24076502,0.42402294,1
2020-06-15,2,0,0.37577873,0.30336875,0.3208525,1
2020-06-16,0,2,0.29217103,0.25230697,0.45552206,1
2020-06-17,2,2,0.2873294,0.17638704,0.53628355,1
2020-06-18,2,2,0.36594003,0.22856753,0.40549248,1
2020-06-19,2,0,0.5024523,0.16401978,0.33352792,1
2020-06-22,2,0,0.52047616,0.21752249,0.26200134,1
2020-06-23,0,0,0.44754633,0.20763265,0.34482107,1
2020-06-24,1,2,0.29694515,0.33472937,0.36832553,1
2020-06-25,2,2,0.29713824,0.26732212,0.4355396,1
2020-06-26,0,2,0.30801788,0.2994315,0.3925506,1
2020-06-29,1,2,0.31066194,0.23878558,0.45055243,1
2020-06-30,2,2,0.33992618,0.24381372,0.4162601,1
2020-07-01,2,0,0.37475532,0.29524654,0.32999814,1
2020-07-02,2,0,0.38125545,0.28923768,0.32950687,1
2020-07-03,2,0,0.39852294,0.26459092,0.3368861,1
2020-07-06,2,0,0.44957548,0.23383519,0.3165894,1
2020-07-07,0,0,0.5075135,0.22268844,0.26979804,1
2020-07-08,2,0,0.47207662,0.14612179,0.38180164,1
2020-07-09,0,0,0.45303056,0.27258182,0.27438763,1
2020-07-10,2,2,0.31642598,0.24734415,0.43622988,1
2020-07-13,0,0,0.34162134,0.33012155,0.32825714,1
2020-07-14,1,2,0.2928312,0.26510867,0.4420601,1
2020-07-15,2,2,0.35906187,0.14513242,0.49580577,1
2020-07-16,2,0,0.44893205,0.21464878,0.33641914,1
2020-07-17,2,2,0.3426184,0.25863492,0.3987467,1
2020-07-20,2,2,0.31326386,0.31888607,0.3678501,1
2020-07-21,0,1,0.2554284,0.37875557,0.365816,1
2020-07-22,2,0,0.37148306,0.30119163,0.3273253,1
2020-07-23,1,0,0.3411211,0.32263383,0.33624506,1
2020-07-24,0,2,0.33463356,0.32742125,0.33794525,1
2020-07-27,2,2,0.24630855,0.33137226,0.4223192,1
2020-07-28,0,2,0.31383395,0.25746745,0.4286986,1
2020-07-29,0,2,0.34245458,0.21871853,0.4388269,1
2020-07-30,0,2,0.30743262,0.28974837,0.40281904,1
2020-07-31,0,2,0.30284128,0.27066928,0.42648947,1
2020-08-03,2,2,0.25373787,0.33869836,0.40756378,1
2020-08-04,1,2,0.15874663,0.3366799,0.50457346,1
2020-08-05,2,2,0.21401824,0.24846059,0.5375212,1
2020-08-06,1,2,0.209265,0.2998958,0.4908392,1
2020-08-07,2,2,0.30176666,0.30294698,0.39528638,1
2020-08-10,2,2,0.28115517,0.28310767,0.43573713,1
2020-08-11,1,2,0.33819294,0.27764696,0.38416004,1
2020-08-12,1,2,0.3858508,0.22703536,0.3871139,1
2020-08-13,0,0,0.423389,0.30687276,0.26973826,1
2020-08-14,2,2,0.28388473,0.2792397,0.43687555,1
2020-08-17,2,1,0.3345493,0.33815947,0.32729122,1
2020-08-18,1,2,0.335866,0.2748412,0.38929284,1
2020-08-19,0,0,0.39246264,0.32985196,0.27768543,1
2020-08-20,2,0,0.35039526,0.32051006,0.32909465,1
2020-08-21,2,2,0.28218192,0.29225644,0.42556167,1
2020-08-24,1,2,0.31054455,0.2890864,0.40036902,1
2020-08-25,2,2,0.33529398,0.2551244,0.4095817,1
2020-08-26,1,2,0.33052194,0.30083042,0.3686476,1
2020-08-27,2,2,0.3414664,0.2886296,0.369904,1
2020-08-28,0,2,0.18519562,0.34297585,0.47182858,1
2020-08-31,2,1,0.18002085,0.43154338,0.38843575,1
2020-09-01,2,2,0.2746698,0.26204735,0.46328285,1
2020-09-02,1,2,0.3178403,0.2873133,0.3948464,1
2020-09-03,0,1,0.32528788,0.4255832,0.24912894,1
2020-09-04,1,1,0.3744097,0.39124343,0.23434693,1
2020-09-07,0,2,0.3583555,0.23038065,0.41126385,1
2020-09-08,0,2,0.35359746,0.20693547,0.439467,1
2020-09-09,2,2,0.35489962,0.18718635,0.45791405,1
2020-09-10,1,2,0.25903776,0.20622073,0.53474146,1
2020-09-11,1,2,0.16876876,0.25163645,0.57959485,1
2020-09-14,2,0,0.349319,0.32132384,0.32935712,1
2020-09-15,2,1,0.33027548,0.36196992,0.3077546,1
2020-09-16,0,1,0.36638752,0.3714472,0.26216528,1
2020-09-17,1,0,0.37402093,0.30218554,0.32379353,1
2020-09-18,0,1,0.3316284,0.33667344,0.33169818,1
2020-09-21,0,2,0.2863674,0.26811665,0.445516,1
2020-09-22,1,2,0.30021045,0.27252123,0.42726833,1
2020-09-23,0,2,0.35663322,0.27677155,0.36659524,1
2020-09-24,2,2,0.36440852,0.22833584,0.40725565,1
2020-09-25,2,0,0.52452374,0.15363619,0.32184008,1
2020-09-28,1,0,0.448962,0.14073348,0.41030455,1
2020-09-29,1,2,0.40330958,0.1536202,0.4430702,1
2020-09-30,2,0,0.41974503,0.20463084,0.37562418,1
2020-10-01,2,2,0.35805088,0.22308533,0.4188638,1
2020-10-05,2,2,0.33843997,0.29567572,0.3658843,1
2020-10-06,2,1,0.20388347,0.51644933,0.2796672,1
2020-10-07,2,1,0.28135663,0.4745864,0.24405693,1
2020-10-08,2,1,0.2580444,0.51060927,0.2313463,1
2020-10-09,1,1,0.32894018,0.37933192,0.2917279,1
2020-10-12,1,1,0.3046345,0.37250698,0.32285857,1
2020-10-13,2,0,0.41248083,0.26546586,0.32205334,1
2020-10-14,0,2,0.32307276,0.32235125,0.35457602,1
2020-10-15,2,2,0.30406666,0.32303646,0.37289682,1
2020-10-16,2,1,0.33271843,0.36051437,0.3067672,1
2020-10-19,1,1,0.22310963,0.4449703,0.33192003,1
2020-10-20,2,0,0.35770214,0.35070166,0.2915962,1
2020-10-21,0,0,0.34461656,0.31736904,0.33801442,1
2020-10-22,2,2,0.32805088,0.2153329,0.45661622,1
2020-10-23,0,0,0.38218594,0.2691644,0.3486497,1
2020-10-26,2,1,0.28182146,0.43674353,0.28143498,1
2020-10-27,0,2,0.20756821,0.38065818,0.4117736,1
2020-10-28,0,1,0.2567327,0.5471653,0.19610201,1
2020-10-29,1,0,0.41131046,0.23172341,0.35696608,1
2020-10-30,1,0,0.39661047,0.2193654,0.3840241,1
2020-11-02,2,2,0.25923193,0.24064441,0.5001237,1
2020-11-03,2,2,0.39225066,0.21439998,0.39334938,1
2020-11-04,2,2,0.29416114,0.35047632,0.35536256,1
2020-11-05,2,0,0.39894855,0.37075254,0.23029897,1
2020-11-06,2,0,0.44883472,0.37985912,0.1713061,1
2020-11-09,2,0,0.48600343,0.34051514,0.17348137,1
2020-11-10,2,1,0.2818316,0.5363955,0.18177289,1
2020-11-11,0,1,0.3489562,0.4294222,0.22162159,1
2020-11-12,1,0,0.5537019,0.30852342,0.13777475,1
2020-11-13,2,0,0.60354066,0.27890068,0.11755866,1
2020-11-17,2,0,0.5865674,0.24759434,0.16583824,1
2020-11-18,0,0,0.62222725,0.2680758,0.109697014,1
2020-11-19,2,1,0.36802992,0.48976085,0.1422093,1
2020-11-20,2,0,0.5310816,0.3150296,0.15388876,1
2020-11-23,2,0,0.57740104,0.30641094,0.11618806,1
2020-11-24,0,0,0.570481,0.28416362,0.14535542,1
2020-11-25,2,1,0.43071473,0.43876326,0.13052206,1
2020-11-26,1,0,0.6215364,0.2241843,0.15427935,1
2020-11-27,2,1,0.3744218,0.4025692,0.22300899,1
2020-12-01,1,0,0.54672176,0.26168805,0.19159019,1
2020-12-02,1,0,0.553299,0.27534088,0.17136015,1
2020-12-03,2,0,0.46212333,0.3949782,0.14289851,1
2020-12-04,2,0,0.47089583,0.32171652,0.20738764,1
2020-12-07,2,0,0.552574,0.2766155,0.17081054,1
2020-12-08,2,0,0.59417343,0.27510127,0.13072531,1
2020-12-09,0,0,0.52326775,0.29224062,0.18449162,1
2020-12-10,2,0,0.5941908,0.25672063,0.14908865,1
2020-12-11,2,0,0.54761654,0.29813513,0.1542483,1
2020-12-14,1,0,0.61881065,0.2352491,0.14594024,1
2020-12-15,2,0,0.6439222,0.19554311,0.16053471,1
2020-12-16,2,0,0.52476203,0.26710227,0.2081357,1
2020-12-17,1,0,0.6118399,0.22146495,0.16669518,1
2020-12-18,0,0,0.57890964,0.26996666,0.1511237,1
2020-12-21,2,1,0.34973082,0.39110634,0.2591628,1
2020-12-22,2,0,0.48537663,0.30347016,0.21115318,1
2020-12-23,2,0,0.53476673,0.2732815,0.19195174,1
2020-12-24,2,0,0.59537166,0.24222042,0.1624079,1
2020-12-28,2,0,0.4925924,0.32650253,0.18090506,1
2020-12-29,2,0,0.47580144,0.34752375,0.17667484,1
2020-12-30,1,0,0.480142,0.34769076,0.17216724,1
2020-12-31,2,0,0.48315918,0.32729915,0.18954165,1
2021-01-01,2,2,0.030337388,0.17861857,0.791044,2
2021-01-04,2,2,0.013004378,0.02020043,0.96679515,2
2021-01-05,0,2,0.04255317,0.27147284,0.685974,2
2021-01-06,1,2,0.023549573,0.08155301,0.8948974,2
2021-01-07,2,2,0.1047639,0.056512196,0.8387239,2
2021-01-08,2,2,0.08207379,0.023354497,0.89457166,2
2021-01-11,2,2,0.1711346,0.042103983,0.78676146,2
2021-01-12,1,2,0.16046616,0.1436493,0.6958845,2
2021-01-13,1,2,0.17399065,0.085558765,0.7404506,2
2021-01-14,0,2,0.33506748,0.2038057,0.46112686,2
2021-01-15,0,2,0.030785687,0.28675675,0.68245757,2
2021-01-18,2,2,0.007664706,0.061914988,0.9304203,2
2021-01-19,2,2,0.038439926,0.094312035,0.867248,2
2021-01-20,0,2,0.01858622,0.07680245,0.9046113,2
2021-01-21,0,2,0.012679269,0.021194484,0.9661263,2
2021-01-22,0,2,0.0064358157,0.074452765,0.91911143,2
2021-01-25,0,2,0.032706104,0.05898113,0.90831274,2
2021-01-27,0,2,0.027008567,0.035701323,0.93729013,2
2021-01-28,0,2,0.06327952,0.050001238,0.8867192,2
2021-01-29,2,2,0.18873529,0.099386595,0.7118781,2
2021-02-01,2,2,0.20256929,0.030923467,0.76650727,2
2021-02-02,2,2,0.11506752,0.050673075,0.83425933,2
2021-02-03,2,2,0.08719877,0.05009262,0.8627086,2
2021-02-04,1,2,0.030655367,0.036910463,0.9324342,2
2021-02-05,2,2,0.10110304,0.063199416,0.83569753,2
2021-02-08,1,2,0.088992566,0.04369568,0.8673118,2
2021-02-09,1,2,0.11155583,0.04204223,0.846402,2
2021-02-10,2,2,0.05832714,0.12967281,0.812,2
2021-02-11,1,2,0.054030918,0.3036508,0.6423183,2
2021-02-12,2,2,0.06215112,0.16201836,0.77583045,2
2021-02-15,1,1,0.07685911,0.56925964,0.35388124,2
2021-02-16,0,2,0.05003621,0.067558035,0.88240576,2
2021-02-17,0,2,0.057474207,0.065452255,0.8770736,2
2021-02-18,0,2,0.01359026,0.05416822,0.93224156,2
2021-02-19,0,2,0.007781605,0.015888559,0.9763298,2
2021-02-22,1,2,0.04533718,0.12512803,0.82953477,2
2021-02-23,2,2,0.05606474,0.043655634,0.9002797,2
2021-02-24,2,2,0.0614076,0.43526483,0.50332755,2
2021-02-25,0,2,0.0525127,0.12843336,0.81905395,2
2021-02-26,2,2,0.07231942,0.06277202,0.8649086,2
2021-03-01,2,2,0.13914491,0.09058419,0.77027094,2
2021-03-02,2,2,0.21915251,0.20337808,0.5774694,2
2021-03-03,0,2,0.01718281,0.040797208,0.94202,2
2021-03-04,0,2,0.016347378,0.11378317,0.8698695,2
2021-03-05,1,2,0.07307251,0.040048826,0.8868786,2
2021-03-08,2,2,0.15110575,0.033950485,0.81494373,2
2021-03-09,2,2,0.02522382,0.016510034,0.95826614,2
2021-03-10,0,2,0.021845441,0.12044639,0.85770816,2
2021-03-12,0,2,0.1674475,0.13841979,0.69413275,2
2021-03-15,1,2,0.13542601,0.25905937,0.60551465,2
2021-03-16,0,2,0.31546018,0.04789537,0.6366445,2
2021-03-17,0,2,0.07135081,0.06350521,0.86514395,2
2021-03-18,2,2,0.27260146,0.11123306,0.6161655,2
2021-03-19,1,2,0.25758812,0.054612547,0.6877993,2
2021-03-22,2,2,0.17637503,0.07246443,0.75116056,2
2021-03-23,0,2,0.08247861,0.082427956,0.83509344,2
2021-03-24,0,0,0.524562,0.05920504,0.416233,2
2021-03-25,2,0,0.54287666,0.03740533,0.419718,2
2021-03-26,2,2,0.33376017,0.060622755,0.60561705,2
2021-03-30,0,2,0.16605431,0.034905035,0.7990406,2
2021-03-31,2,0,0.46091497,0.11693243,0.42215264,2
2021-04-01,0,2,0.13633293,0.053020988,0.8106461,2
2021-04-05,2,2,0.32367632,0.060583953,0.6157397,2
2021-04-06,2,2,0.17781551,0.13977757,0.6824069,2
2021-04-07,2,2,0.07049086,0.12499589,0.8045132,2
2021-04-08,0,2,0.1756043,0.0907328,0.7336629,2
2021-04-09,0,0,0.52876186,0.037379935,0.4338582,2
2021-04-12,2,2,0.17530356,0.032275148,0.7924213,2
2021-04-13,2,2,0.09901429,0.03968763,0.86129814,2
2021-04-15,1,2,0.16918907,0.119792305,0.7110186,2
2021-04-16,0,2,0.22060065,0.10108749,0.6783118,2
2021-04-19,0,2,0.3443646,0.08427434,0.57136106,2
2021-04-20,2,2,0.38550523,0.12711044,0.4873843,2
2021-04-22,0,2,0.1506206,0.07850095,0.7708785,2
2021-04-23,2,2,0.24966541,0.067845464,0.68248916,2
2021-04-26,2,2,0.3422067,0.23140584,0.42638752,2
2021-04-27,2,2,0.32530335,0.1685482,0.50614846,2
2021-04-28,1,2,0.02742829,0.11590252,0.8566691,2
2021-04-29,0,2,0.06526757,0.09466167,0.8400707,2
2021-04-30,1,2,0.428461,0.1145641,0.45697495,2
2021-05-03,0,2,0.30558753,0.06261053,0.6318019,2
2021-05-04,2,2,0.3912661,0.03951035,0.5692235,2
2021-05-05,2,2,0.112940274,0.17430875,0.712751,2
2021-05-06,2,2,0.09697433,0.1550639,0.74796176,2
2021-05-07,2,2,0.06704202,0.10188207,0.83107585,2
2021-05-10,0,2,0.0106641,0.033448633,0.9558873,2
2021-05-11,0,2,0.03616169,0.015196694,0.9486416,2
2021-05-12,1,2,0.14952965,0.041724697,0.8087456,2
2021-05-14,2,2,0.4284676,0.09273451,0.47879782,2
2021-05-17,2,2,0.0286566,0.047305223,0.9240382,2
2021-05-18,0,2,0.043764293,0.08302754,0.87320817,2
2021-05-19,0,2,0.077395014,0.13143073,0.7911743,2
2021-05-20,2,2,0.15124053,0.09906593,0.7496936,2
2021-05-21,1,2,0.015899211,0.05755227,0.92654854,2
2021-05-24,1,2,0.03298742,0.15931529,0.80769724,2
2021-05-25,2,2,0.036495376,0.08261671,0.880888,2
2021-05-26,1,2,0.022501038,0.32485065,0.65264827,2
2021-05-27,2,2,0.1270339,0.052274525,0.8206916,2
2021-05-28,2,2,0.024898559,0.20580627,0.76929516,2
2021-05-31,1,2,0.09828564,0.051386613,0.85032773,2
2021-06-01,1,2,0.10192333,0.047858875,0.85021776,2
2021-06-02,2,2,0.03161836,0.04036604,0.92801565,2
2021-06-03,1,2,0.046830364,0.43268546,0.52048415,2
2021-06-04,2,2,0.15071242,0.12176102,0.72752655,2
2021-06-07,1,2,0.031244103,0.28525734,0.68349856,2
2021-06-08,0,2,0.18146108,0.12610173,0.6924372,2
2021-06-09,2,2,0.040761627,0.06569271,0.8935456,2
2021-06-10,2,2,0.038679726,0.11779811,0.8435222,2
2021-06-11,1,1,0.16057073,0.596821,0.24260823,2
2021-06-14,2,2,0.057085443,0.121145174,0.8217694,2
2021-06-15,0,1,0.0879727,0.5116548,0.4003725,2
2021-06-16,0,2,0.06339329,0.10383736,0.83276933,2
2021-06-17,1,2,0.029205488,0.25918669,0.7116078,2
2021-06-18,2,2,0.03423391,0.06422442,0.90154165,2
2021-06-21,1,2,0.02777392,0.34091914,0.6313069,2
2021-06-22,0,2,0.029011259,0.13491721,0.8360715,2
2021-06-23,2,2,0.016568001,0.051092483,0.9323395,2
2021-06-24,2,2,0.033921663,0.084229134,0.88184917,2
2021-06-25,0,2,0.042106126,0.18100464,0.77688926,2
2021-06-28,0,2,0.037998416,0.16582178,0.79617983,2
2021-06-29,1,2,0.058414012,0.08559902,0.85598695,2
2021-06-30,0,2,0.041207105,0.07780705,0.88098586,2
2021-07-01,2,2,0.1940687,0.12572548,0.68020576,2
2021-07-02,2,2,0.23514937,0.30349177,0.46135882,2
2021-07-05,1,2,0.26822796,0.14927873,0.5824933,2
2021-07-06,2,0,0.61017513,0.05461762,0.3352073,2
2021-07-07,0,1,0.25976792,0.5351793,0.20505281,2
2021-07-08,1,0,0.44783357,0.39331502,0.15885144,2
2021-07-09,1,0,0.6146823,0.081201814,0.3041159,2
2021-07-12,2,0,0.6328793,0.036027387,0.33109325,2
2021-07-13,2,0,0.45435214,0.16126695,0.38438088,2
2021-07-14,2,1,0.3089832,0.38215545,0.30886135,2
2021-07-15,1,1,0.17457901,0.5033373,0.32208362,2
2021-07-16,0,2,0.2328875,0.26655462,0.5005579,2
2021-07-19,0,0,0.85991865,0.090942845,0.04913851,2
2021-07-20,2,0,0.44063678,0.229111,0.33025223,2
2021-07-22,1,2,0.20727146,0.3115874,0.48114112,2
2021-07-23,1,2,0.111189425,0.22932123,0.6594894,2
2021-07-26,0,2,0.3268761,0.10191931,0.57120454,2
2021-07-27,1,2,0.31800693,0.15524867,0.52674437,2
2021-07-28,2,2,0.19405225,0.12215248,0.6837953,2
2021-07-29,1,2,0.30129737,0.27118778,0.42751488,2
2021-07-30,2,0,0.5796373,0.09154883,0.3288139,2
2021-08-02,2,1,0.076082006,0.49272698,0.43119106,2
2021-08-03,2,2,0.03273039,0.214029,0.75324064,2
2021-08-04,1,1,0.0723874,0.67922485,0.24838777,2
2021-08-05,0,1,0.10990549,0.64624256,0.24385192,2
2021-08-06,1,2,0.23781863,0.14618012,0.61600125,2
2021-08-09,1,2,0.14870697,0.25427622,0.5970168,2
2021-08-10,1,2,0.23324448,0.3467488,0.42000672,2
2021-08-11,2,2,0.20916647,0.19227545,0.5985581,2
2021-08-12,2,1,0.08494109,0.63775975,0.27729917,2
2021-08-13,1,2,0.37638506,0.15722275,0.46639216,2
2021-08-16,2,2,0.2125162,0.11718988,0.6702939,2
2021-08-17,0,1,0.24888304,0.5462504,0.20486654,2
2021-08-18,0,2,0.31025252,0.18976496,0.49998248,2
2021-08-20,2,2,0.10010231,0.1658191,0.7340786,2
2021-08-23,2,2,0.158012,0.19664334,0.6453447,2
2021-08-24,1,2,0.1749349,0.39157906,0.4334861,2
2021-08-25,1,2,0.21748705,0.22087973,0.5616332,2
2021-08-26,2,2,0.22180702,0.12184594,0.6563471,2
2021-08-27,2,1,0.14466693,0.6291149,0.22621818,2
2021-08-30,2,0,0.49171445,0.10839384,0.39989173,2
2021-08-31,0,2,0.26301748,0.056507446,0.68047506,2
2021-09-01,2,2,0.25280225,0.06005766,0.6871401,2
2021-09-02,2,2,0.21769099,0.2312528,0.5510562,2
2021-09-03,2,2,0.16854382,0.38309377,0.4483624,2
2021-09-06,1,1,0.06720339,0.8085264,0.12427019,2
2021-09-07,1,2,0.30713373,0.08789284,0.60497344,2
2021-09-08,1,2,0.41749394,0.11472741,0.4677786,2
2021-09-09,1,2,0.43896338,0.09591298,0.4651236,2
2021-09-13,1,0,0.52403593,0.050648127,0.42531595,2
2021-09-14,2,0,0.5532641,0.2331352,0.21360074,2
2021-09-15,2,1,0.313979,0.40795195,0.2780691,2
2021-09-16,0,0,0.40859967,0.26312688,0.32827345,2
2021-09-17,0,0,0.53830415,0.1357733,0.32592252,2
2021-09-20,2,2,0.042756565,0.052790113,0.9044533,2
2021-09-21,1,2,0.19522385,0.23739092,0.56738526,2
2021-09-22,2,2,0.13676211,0.053815253,0.8094226,2
2021-09-23,1,2,0.238563,0.07354965,0.6878874,2
2021-09-24,1,2,0.16017708,0.19115548,0.6486674,2
2021-09-27,0,2,0.11255926,0.047649,0.8397917,2
2021-09-28,1,2,0.0635858,0.30459735,0.6318168,2
2021-09-29,0,2,0.05311162,0.12827064,0.8186177,2
2021-09-30,0,2,0.035408556,0.30955368,0.6550378,2
2021-10-01,2,2,0.037918396,0.07565578,0.8864258,2
2021-10-04,2,2,0.105875626,0.27172622,0.62239814,2
2021-10-05,0,2,0.083298095,0.25505424,0.66164774,2
2021-10-06,2,2,0.059009742,0.26387993,0.6771103,2
2021-10-07,2,2,0.06534738,0.22579734,0.70885533,2
2021-10-08,2,2,0.045549586,0.13761552,0.8168349,2
2021-10-11,2,2,0.051610425,0.32088286,0.6275067,2
2021-10-12,2,2,0.056471158,0.13238771,0.81114113,2
2021-10-13,2,2,0.12662254,0.119785085,0.7535924,2
2021-10-14,2,2,0.10930341,0.07118193,0.8195147,2
2021-10-18,0,2,0.098256126,0.15010831,0.75163555,2
2021-10-19,0,2,0.054011166,0.08465991,0.8613289,2
2021-10-20,0,2,0.053212844,0.18593082,0.7608564,2
2021-10-21,0,2,0.039740723,0.2658406,0.6944187,2
2021-10-22,1,2,0.05631233,0.11914771,0.82453996,2
2021-10-25,2,2,0.029279158,0.04719438,0.92352647,2
2021-10-26,0,2,0.09236045,0.10558802,0.80205154,2
2021-10-27,0,2,0.016594892,0.04165423,0.9417508,2
2021-10-28,0,2,0.049481824,0.32363907,0.6268791,2
2021-10-29,2,2,0.09178688,0.12294283,0.78527033,2
2021-11-01,1,2,0.22447053,0.2586222,0.51690733,2
2021-11-02,0,2,0.15374082,0.10323837,0.74302083,2
2021-11-03,2,2,0.14303698,0.19911152,0.6578515,2
2021-11-04,2,2,0.08040923,0.065456964,0.85413384,2
2021-11-08,1,1,0.042715862,0.5198225,0.43746164,2
2021-11-09,1,2,0.19544421,0.1467729,0.65778285,2
2021-11-10,0,2,0.20968485,0.056970734,0.73334444,2
2021-11-11,2,2,0.25032023,0.19645001,0.55322975,2
2021-11-12,1,2,0.05366141,0.23705412,0.7092845,2
2021-11-15,0,2,0.0854001,0.18781447,0.7267854,2
2021-11-16,0,2,0.39859623,0.08539581,0.51600796,2
2021-11-17,0,2,0.15862718,0.15816492,0.6832079,2
2021-11-18,0,2,0.10053985,0.3067791,0.5926811,2
2021-11-22,2,2,0.31499627,0.15872431,0.5262794,2
2021-11-23,0,2,0.31500962,0.1511949,0.5337954,2
2021-11-24,2,2,0.11460756,0.06386142,0.821531,2
2021-11-25,0,2,0.10655871,0.09026036,0.80318093,2
2021-11-26,1,0,0.6318083,0.06995206,0.29823962,2
2021-11-29,0,0,0.6484284,0.09410064,0.257471,2
2021-11-30,2,2,0.42886615,0.03723999,0.5338939,2
2021-12-01,2,0,0.6347397,0.1413692,0.22389111,2
2021-12-02,0,2,0.29954624,0.3254565,0.37499723,2
2021-12-03,0,2,0.31911683,0.10760589,0.5732773,2
2021-12-06,2,2,0.37967202,0.08753177,0.5327962,2
2021-12-07,2,2,0.29188648,0.22428446,0.48382902,2
2021-12-08,2,2,0.22611408,0.2687171,0.50516886,2
2021-12-09,1,2,0.20809561,0.38967693,0.4022275,2
2021-12-10,0,2,0.38456687,0.09389398,0.5215391,2
2021-12-13,1,2,0.26738927,0.07862738,0.65398335,2
2021-12-14,0,2,0.24444237,0.05067768,0.7048799,2
2021-12-15,1,2,0.29762077,0.051346835,0.6510324,2
2021-12-16,0,2,0.18044487,0.17494337,0.6446118,2
2021-12-17,0,0,0.36070433,0.30124488,0.33805072,2
2021-12-20,2,2,0.36030933,0.103918575,0.5357721,2
2021-12-21,2,0,0.45609584,0.197876,0.34602815,2
2021-12-22,2,0,0.6976333,0.094412155,0.20795451,2
2021-12-23,0,2,0.41617998,0.15847948,0.42534056,2
2021-12-24,2,0,0.5491194,0.040902272,0.40997833,2
2021-12-27,2,2,0.17934272,0.10492559,0.7157317,2
2021-12-28,1,2,0.20060968,0.36873505,0.43065527,2
2021-12-29,1,0,0.6576591,0.036511216,0.30582964,2
2021-12-30,2,2,0.34961653,0.17402841,0.47635502,2
2021-12-31,2,2,0.06348687,0.31588948,0.62062365,2
2022-01-03,2,1,0.20090894,0.42721385,0.37187716,3
2022-01-04,2,1,0.34601423,0.37409785,0.27988794,3
2022-01-05,0,1,0.34981138,0.38369882,0.26648986,3
2022-01-06,2,0,0.3589608,0.3575396,0.28349963,3
2022-01-07,2,1,0.26800832,0.45521647,0.2767752,3
2022-01-10,2,1,0.23922944,0.4720839,0.2886867,3
2022-01-11,2,1,0.30567095,0.39298075,0.30134833,3
2022-01-12,1,0,0.4169842,0.34286988,0.24014594,3
2022-01-13,1,0,0.43342528,0.31349242,0.25308228,3
2022-01-14,2,0,0.4458273,0.281191,0.27298173,3
2022-01-17,0,0,0.5159153,0.28362212,0.20046261,3
2022-01-18,0,0,0.564083,0.21216102,0.22375602,3
2022-01-19,0,0,0.43216938,0.28341758,0.28441304,3
2022-01-20,0,2,0.27295133,0.28501472,0.4420339,3
2022-01-21,0,2,0.32327127,0.22999714,0.44673154,3
2022-01-24,2,2,0.32346138,0.33243257,0.34410608,3
2022-01-25,0,2,0.41571698,0.14493509,0.43934792,3
2022-01-27,1,2,0.34953377,0.16536814,0.48509812,3
2022-01-28,2,2,0.39687303,0.14890489,0.45422208,3
2022-01-31,2,2,0.36085945,0.20690924,0.43223128,3
2022-02-01,2,2,0.32361308,0.31062388,0.365763,3
2022-02-02,0,2,0.3482478,0.28716597,0.3645862,3
2022-02-03,1,0,0.40611354,0.22125868,0.37262782,3
2022-02-04,0,0,0.4153264,0.18453509,0.40013856,3
2022-02-07,2,0,0.46606812,0.192434,0.34149793,3
2022-02-08,2,0,0.37446633,0.26983437,0.35569927,3
2022-02-09,2,1,0.32819545,0.35380307,0.31800145,3
2022-02-10,0,1,0.3675178,0.41044226,0.22203997,3
2022-02-11,0,0,0.37852567,0.34432384,0.2771505,3
2022-02-14,2,2,0.33985633,0.27933884,0.38080484,3
2022-02-15,1,2,0.23198098,0.33263364,0.43538535,3
2022-02-16,1,0,0.45572358,0.25284964,0.29142678,3
2022-02-17,1,0,0.43501985,0.2565474,0.30843282,3
2022-02-18,0,2,0.3841885,0.1919355,0.42387596,3
2022-02-21,0,0,0.3663611,0.30043218,0.33320674,3
2022-02-22,1,2,0.32795772,0.24454166,0.42750067,3
2022-02-23,0,0,0.46941507,0.1268164,0.4037685,3
2022-02-24,2,2,0.3385112,0.26912022,0.39236856,3
2022-02-25,2,2,0.34560847,0.13750136,0.51689017,3
2022-02-28,0,2,0.33890992,0.28086013,0.38022995,3
2022-03-02,0,2,0.3995186,0.124442376,0.47603905,3
2022-03-03,0,2,0.3898613,0.12430645,0.4858323,3
2022-03-04,0,2,0.38966867,0.12526812,0.48506323,3
2022-03-07,2,2,0.3984991,0.16958414,0.43191677,3
2022-03-08,2,0,0.45041087,0.14313401,0.4064551,3
2022-03-09,2,2,0.39070785,0.14487988,0.46441224,3
2022-03-10,1,2,0.37986776,0.17991166,0.44022062,3
2022-03-11,2,2,0.3244356,0.2671716,0.40839276,3
2022-03-14,0,2,0.18776326,0.37915987,0.43307686,3
2022-03-15,2,2,0.30527002,0.2471284,0.4476016,3
2022-03-16,2,2,0.28298268,0.31417528,0.40284202,3
2022-03-17,0,1,0.19723032,0.45140815,0.35136154,3
2022-03-21,2,1,0.32831427,0.39185557,0.27983016,3
2022-03-22,0,1,0.24937828,0.42465264,0.32596907,3
2022-03-23,1,1,0.3592149,0.38505033,0.2557348,3
2022-03-24,0,2,0.3260007,0.32279685,0.35120246,3
2022-03-25,2,0,0.39096713,0.3255816,0.28345126,3
2022-03-28,2,2,0.25153863,0.37021688,0.3782445,3
2022-03-29,2,0,0.3887222,0.35652146,0.2547563,3
2022-03-30,1,0,0.37061524,0.2845939,0.34479082,3
2022-03-31,2,0,0.37646225,0.27766356,0.34587422,3
2022-04-01,2,1,0.26249298,0.39492044,0.34258658,3
2022-04-04,0,1,0.21075715,0.55207336,0.23716952,3
2022-04-05,0,0,0.41013125,0.3346937,0.25517502,3
2022-04-06,0,0,0.45219672,0.28609067,0.2617126,3
2022-04-07,2,0,0.37424737,0.34096292,0.28478977,3
2022-04-08,0,1,0.29817593,0.41756448,0.28425965,3
2022-04-11,0,0,0.3758324,0.33972916,0.28443846,3
2022-04-12,0,0,0.35258377,0.31786722,0.32954904,3
2022-04-13,0,0,0.3914582,0.28248152,0.3260603,3
2022-04-18,0,0,0.39816722,0.21039376,0.39143905,3
2022-04-19,2,2,0.373594,0.1637778,0.46262822,3
2022-04-20,2,2,0.31729338,0.18432365,0.49838293,3
2022-04-21,0,2,0.37138793,0.20526919,0.42334285,3
2022-04-22,0,2,0.3265356,0.17826967,0.49519476,3
2022-04-25,2,2,0.32710382,0.16089539,0.5120008,3
2022-04-26,0,2,0.3044734,0.21271423,0.48281243,3
2022-04-27,2,2,0.35056964,0.13290922,0.51652116,3
2022-04-28,0,2,0.3035023,0.20331955,0.49317813,3
2022-04-29,1,0,0.37537193,0.2812563,0.3433718,3
2022-05-02,0,2,0.30334717,0.27398595,0.42266694,3
2022-05-04,1,2,0.3121783,0.22633132,0.46149036,3
2022-05-05,0,2,0.40488425,0.12169178,0.473424,3
2022-05-06,0,2,0.37159666,0.1428842,0.4855191,3
2022-05-09,0,2,0.3834967,0.12250647,0.4939968,3
2022-05-10,0,2,0.406499,0.11632475,0.47717622,3
2022-05-11,0,2,0.36802572,0.12386543,0.50810885,3
2022-05-12,1,2,0.37074873,0.16622506,0.46302623,3
2022-05-13,2,2,0.40101215,0.14903155,0.44995624,3
2022-05-16,2,0,0.46641323,0.13652627,0.39706057,3
2022-05-17,1,2,0.41383088,0.13186984,0.45429924,3
2022-05-18,0,2,0.43654773,0.11690577,0.44654652,3
2022-05-19,2,2,0.39791203,0.18311857,0.41896945,3
2022-05-20,0,2,0.3378633,0.2797385,0.38239828,3
2022-05-23,0,2,0.36026382,0.24528603,0.3944502,3
2022-05-24,0,2,0.3451256,0.261002,0.3938724,3
2022-05-25,2,2,0.32860735,0.29637155,0.3750211,3
2022-05-26,2,2,0.32300377,0.28687018,0.39012608,3
2022-05-27,2,2,0.2922379,0.32909545,0.37866667,3
2022-05-30,0,1,0.16768533,0.43989557,0.3924191,3
2022-05-31,0,0,0.3923528,0.2873267,0.32032058,3
2022-06-01,2,2,0.1997225,0.37524623,0.42503124,3
2022-06-02,0,1,0.21449931,0.4260656,0.35943502,3
2022-06-03,1,2,0.34613395,0.30302903,0.350837,3
2022-06-06,0,0,0.40052536,0.27757835,0.3218963,3
2022-06-07,0,2,0.32214683,0.29713792,0.3807153,3
2022-06-08,2,2,0.34648496,0.26832172,0.38519335,3
2022-06-09,0,1,0.32282117,0.37752795,0.2996509,3
2022-06-10,0,0,0.39372453,0.2674917,0.3387838,3
2022-06-13,0,2,0.34462708,0.27885723,0.37651572,3
2022-06-14,0,2,0.43717816,0.123939104,0.43888274,3
2022-06-15,0,0,0.4616467,0.11860926,0.4197441,3
2022-06-16,0,2,0.39487174,0.16756721,0.43756104,3
2022-06-17,2,2,0.37856066,0.14864527,0.47279406,3
2022-06-20,2,0,0.45393044,0.14758368,0.39848587,3
2022-06-21,0,2,0.40289015,0.14800742,0.44910246,3
2022-06-22,2,2,0.4181943,0.12260421,0.45920148,3
2022-06-23,2,2,0.42716804,0.12888719,0.44394475,3
2022-06-24,2,2,0.41335163,0.14135182,0.44529662,3
2022-06-27,1,0,0.37598553,0.2798373,0.3441772,3
2022-06-28,0,0,0.3944769,0.28919396,0.3163292,3
2022-06-29,1,0,0.377451,0.31387213,0.30867687,3
2022-06-30,1,0,0.38141936,0.26794225,0.3506384,3
2022-07-01,2,0,0.37737966,0.28231272,0.34030765,3
2022-07-04,1,1,0.3396019,0.35210416,0.30829394,3
2022-07-05,2,2,0.34195718,0.31273767,0.34530517,3
2022-07-06,2,1,0.2909871,0.38158962,0.32742324,3
2022-07-07,2,1,0.24961676,0.40473676,0.34564644,3
2022-07-08,1,1,0.27412248,0.4076866,0.3181909,3
2022-07-11,0,2,0.2783058,0.35464454,0.36704963,3
2022-07-12,0,0,0.37063605,0.31671256,0.3126514,3
2022-07-13,1,0,0.354954,0.32414418,0.32090184,3
2022-07-14,2,0,0.38025373,0.29124698,0.32849932,3
2022-07-15,2,2,0.3253002,0.3364809,0.33821893,3
2022-07-18,2,1,0.20129506,0.46480525,0.33389974,3
2022-07-19,2,1,0.32,0.39156199,0.28843802,3
2022-07-20,2,1,0.23330167,0.45004702,0.31665128,3
2022-07-21,2,1,0.25966913,0.42472813,0.31560275,3
2022-07-22,0,1,0.22148296,0.46003765,0.31847942,3
2022-07-25,0,0,0.35890204,0.31800714,0.32309082,3
2022-07-26,2,0,0.36052403,0.314735,0.324741,3
2022-07-27,2,1,0.21897598,0.40335232,0.37767172,3
2022-07-28,2,1,0.16634059,0.5056672,0.3279922,3
2022-07-29,2,1,0.19571179,0.52272874,0.28155947,3
2022-08-01,1,1,0.23900568,0.47762522,0.2833691,3
2022-08-02,1,1,0.24267441,0.52696127,0.23036434,3
2022-08-03,1,1,0.22007738,0.51778936,0.26213324,3
2022-08-04,1,1,0.22854161,0.49575746,0.2757009,3
2022-08-05,2,1,0.23784395,0.52160275,0.2405533,3
2022-08-08,1,1,0.22941022,0.54009223,0.23049757,3
2022-08-10,2,1,0.2614136,0.5357886,0.20279782,3
2022-08-11,1,1,0.25649163,0.5330102,0.21049821,3
2022-08-12,2,1,0.2774473,0.5064828,0.21606994,3
2022-08-16,2,0,0.4232469,0.3376597,0.23909338,3
2022-08-17,1,1,0.3795029,0.39672962,0.22376749,3
2022-08-18,0,0,0.45749244,0.3513133,0.1911943,3
2022-08-19,0,1,0.4059023,0.40932107,0.1847766,3
2022-08-22,2,1,0.31421685,0.42334306,0.2624401,3
2022-08-23,1,1,0.34333798,0.37658343,0.28007856,3
2022-08-24,0,1,0.29160565,0.3832815,0.32511288,3
2022-08-25,1,0,0.3907361,0.301886,0.3073779,3
2022-08-26,0,2,0.3341252,0.31482518,0.3510496,3
2022-08-29,2,0,0.47032344,0.18171848,0.34795815,3
2022-08-30,0,2,0.31177244,0.23345579,0.4547717,3
2022-09-01,1,0,0.4000309,0.21154943,0.3884197,3
2022-09-02,2,2,0.34180537,0.20670553,0.45148912,3
2022-09-05,1,2,0.28861442,0.3047853,0.4066002,3
2022-09-06,1,2,0.28407305,0.2808979,0.43502906,3
2022-09-07,2,0,0.40409032,0.28097373,0.3149359,3
2022-09-08,1,2,0.25487787,0.32661593,0.4185062,3
2022-09-09,2,2,0.27916834,0.2836663,0.4371654,3
2022-09-12,2,2,0.29381585,0.25254586,0.45363832,3
2022-09-13,0,2,0.20397411,0.3264912,0.4695347,3
2022-09-14,0,0,0.39050394,0.24605058,0.36344552,3
2022-09-15,0,0,0.36881155,0.27120584,0.3599826,3
2022-09-16,2,1,0.33166227,0.37282962,0.29550815,3
2022-09-19,2,2,0.24426037,0.29830062,0.457439,3
2022-09-20,0,2,0.2698439,0.325288,0.4048681,3
2022-09-21,0,0,0.36674228,0.27223864,0.3610191,3
2022-09-22,0,2,0.2907428,0.32698622,0.3822709,3
2022-09-23,0,0,0.4190212,0.1733593,0.4076195,3
2022-09-26,1,2,0.38459548,0.16492848,0.45047605,3
2022-09-27,0,0,0.42602515,0.1510655,0.42290935,3
2022-09-28,1,2,0.37310058,0.14751999,0.47937945,3
2022-09-29,2,2,0.3918197,0.14913498,0.45904526,3
2022-09-30,0,2,0.38311774,0.16263536,0.45424697,3
2022-10-03,2,2,0.4079951,0.13766621,0.4543387,3
2022-10-04,2,2,0.37201574,0.1918868,0.43609747,3
2022-10-06,1,0,0.46070698,0.23562592,0.3036671,3
2022-10-07,0,0,0.43613905,0.2052763,0.3585847,3
2022-10-10,0,2,0.30189118,0.27552727,0.42258155,3
2022-10-11,2,2,0.32932243,0.2744198,0.3962578,3
2022-10-12,0,2,0.3343368,0.30045304,0.36521015,3
2022-10-13,2,2,0.319538,0.2922991,0.38816288,3
2022-10-14,2,1,0.3295884,0.36820492,0.30220664,3
2022-10-17,2,1,0.19819883,0.42284214,0.37895906,3
2022-10-18,1,1,0.20376237,0.42745963,0.36877805,3
2022-10-19,2,1,0.2656448,0.4041536,0.33020163,3
2022-10-20,1,1,0.3354112,0.38834652,0.27624232,3
2022-10-21,2,1,0.3566742,0.3644125,0.27891326,3
2022-10-24,0,1,0.32940772,0.33678833,0.33380392,3
2022-10-25,2,0,0.3549525,0.34064573,0.30440176,3
2022-10-27,2,1,0.3223322,0.38519678,0.292471,3
2022-10-28,2,1,0.27588406,0.42083207,0.3032839,3
2022-10-31,2,1,0.24225333,0.46778977,0.2899569,3
2022-11-01,0,1,0.23483093,0.41311112,0.35205796,3
2022-11-02,1,2,0.3384899,0.3134959,0.34801424,3
2022-11-03,2,0,0.376348,0.2758927,0.34775928,3
2022-11-04,2,2,0.30178723,0.33659747,0.3616153,3
2022-11-07,0,2,0.29397568,0.35256708,0.3534572,3
2022-11-09,0,0,0.5686788,0.21947148,0.21184975,3
2022-11-10,2,0,0.4343767,0.30566373,0.25995955,3
2022-11-11,1,0,0.41628802,0.36708218,0.21662977,3
2022-11-14,2,0,0.576403,0.25452992,0.1690671,3
2022-11-15,1,0,0.5482687,0.2770694,0.174662,3
2022-11-16,0,0,0.5442762,0.25703502,0.19868882,3
2022-11-17,1,0,0.6029122,0.22471002,0.1723778,3
2022-11-18,0,0,0.5984174,0.2201595,0.18142308,3
2022-11-21,2,0,0.5630428,0.23994751,0.19700965,3
2022-11-22,1,0,0.5521791,0.22982822,0.2179927,3
2022-11-23,2,0,0.5641419,0.23637119,0.19948688,3
2022-11-24,1,0,0.50777376,0.2897835,0.20244277,3
2022-11-25,2,0,0.4654155,0.19405952,0.34052494,3
2022-11-28,2,0,0.4531042,0.21136093,0.33553484,3
2022-11-29,2,0,0.44439918,0.22925463,0.32634616,3
2022-11-30,2,0,0.48626342,0.25418264,0.25955388,3
2022-12-01,0,0,0.47424152,0.2744256,0.25133282,3
2022-12-02,1,0,0.4918901,0.25787252,0.25023738,3
2022-12-05,0,0,0.48404905,0.25220817,0.26374272,3
2022-12-06,0,0,0.5032916,0.22831067,0.2683977,3
2022-12-07,2,0,0.54082346,0.2407738,0.21840277,3
2022-12-08,0,0,0.5566795,0.2052573,0.23806323,3
2022-12-09,1,0,0.5271033,0.23540787,0.2374888,3
2022-12-12,2,0,0.5350388,0.2090214,0.25593975,3
2022-12-13,2,0,0.50544393,0.2511825,0.24337357,3
2022-12-14,0,0,0.54646415,0.20331714,0.25021878,3
2022-12-15,0,0,0.42144358,0.28522718,0.29332924,3
2022-12-16,2,0,0.45039913,0.1572296,0.39237127,3
2022-12-19,1,0,0.3369456,0.33038157,0.3326729,3
2022-12-20,0,0,0.41412595,0.3259791,0.259895,3
2022-12-21,0,0,0.4660908,0.16642083,0.36748835,3
2022-12-22,0,0,0.56219256,0.15352698,0.28428048,3
2022-12-23,2,0,0.44024786,0.18020976,0.37954235,3
2022-12-26,2,0,0.522755,0.16605262,0.31119233,3
2022-12-27,1,0,0.5686872,0.14973924,0.28157356,3
2022-12-28,2,0,0.6036488,0.13835469,0.25799653,3
2022-12-29,0,0,0.417867,0.32146582,0.26066718,3
2022-12-30,2,0,0.46615943,0.28702575,0.24681486,3
2023-01-02,1,0,0.40313873,0.38670722,0.21015403,4
2023-01-03,0,0,0.45800287,0.17506322,0.36693394,4
2023-01-04,0,2,0.38976595,0.10609197,0.5041421,4
2023-01-05,0,0,0.6695308,0.07584017,0.254629,4
2023-01-06,2,2,0.43987113,0.06657842,0.49355048,4
2023-01-09,0,2,0.3205159,0.28010646,0.3993776,4
2023-01-10,1,0,0.7301324,0.045666665,0.2242009,4
2023-01-11,1,0,0.8706865,0.016410163,0.11290334,4
2023-01-12,2,0,0.63611186,0.016083231,0.3478049,4
2023-01-13,0,0,0.7916304,0.11008789,0.09828175,4
2023-01-16,2,0,0.8554673,0.038446654,0.1060861,4
2023-01-17,2,0,0.41690567,0.31520632,0.267888,4
2023-01-18,0,0,0.6981012,0.17715596,0.12474278,4
2023-01-19,0,0,0.88761884,0.07234964,0.04003153,4
2023-01-20,2,0,0.76220924,0.09480669,0.14298403,4
2023-01-23,1,0,0.6375108,0.11918463,0.2433046,4
2023-01-24,0,0,0.5731107,0.045215152,0.38167414,4
2023-01-25,0,0,0.9328023,0.027741468,0.039456222,4
2023-01-27,2,0,0.66119844,0.07210078,0.2667008,4
2023-01-30,1,0,0.78725207,0.012127373,0.20062052,4
2023-01-31,0,0,0.8524442,0.0066460725,0.14090975,4
2023-02-01,1,0,0.7521591,0.014835732,0.23300514,4
2023-02-02,2,0,0.80145115,0.007416464,0.19113243,4
2023-02-03,0,0,0.600861,0.18573765,0.21340132,4
2023-02-06,1,0,0.8551026,0.031637017,0.1132604,4
2023-02-07,2,0,0.7732372,0.013712467,0.21305029,4
2023-02-08,1,0,0.79117846,0.11377423,0.09504732,4
2023-02-09,1,0,0.88898575,0.02163906,0.08937518,4
2023-02-10,0,2,0.44122508,0.01576937,0.5430056,4
2023-02-13,2,0,0.7228218,0.02827303,0.24890523,4
2023-02-14,2,2,0.29147473,0.13372113,0.5748041,4
2023-02-15,1,2,0.35411632,0.16917203,0.4767117,4
2023-02-16,0,2,0.349347,0.08201214,0.5686408,4
2023-02-17,0,0,0.8263387,0.045969848,0.12769142,4
2023-02-20,1,0,0.7538727,0.022621464,0.22350587,4
2023-02-21,0,0,0.8160354,0.026627423,0.15733717,4
2023-02-22,1,0,0.8721643,0.037312284,0.0905234,4
2023-02-23,0,0,0.8581172,0.01682062,0.12506221,4
2023-02-24,0,0,0.87470883,0.009230188,0.116060965,4
2023-02-27,0,0,0.5143344,0.04039697,0.44526863,4
2023-02-28,2,2,0.31247696,0.11214885,0.5753742,4
2023-03-01,0,0,0.6827072,0.028680682,0.28861213,4
2023-03-02,2,0,0.5857474,0.053226892,0.36102563,4
2023-03-03,2,0,0.37394738,0.3042512,0.32180142,4
2023-03-06,1,0,0.6016509,0.3433124,0.055036638,4
2023-03-08,0,0,0.86958516,0.084239885,0.04617495,4
2023-03-09,0,0,0.6590689,0.07696241,0.26396865,4
2023-03-10,0,0,0.4660995,0.24409853,0.28980199,4
2023-03-13,0,0,0.5241924,0.09818597,0.37762168,4
2023-03-14,0,0,0.53508145,0.10758705,0.35733148,4
2023-03-15,1,2,0.2313036,0.11278592,0.65591043,4
2023-03-16,2,0,0.8505712,0.029275956,0.12015287,4
2023-03-17,0,0,0.8855701,0.02900368,0.08542621,4
2023-03-20,2,2,0.23388228,0.02245863,0.7436591,4
2023-03-21,2,2,0.43094596,0.03302331,0.5360307,4
2023-03-22,0,2,0.12695566,0.008050154,0.86499417,4
2023-03-23,0,2,0.09336494,0.027430976,0.87920415,4
2023-03-24,1,2,0.12506294,0.02648995,0.84844714,4
2023-03-27,1,2,0.08962286,0.03121696,0.87916017,4
2023-03-28,2,2,0.13523829,0.023323799,0.84143794,4
2023-03-29,2,2,0.25737616,0.03944695,0.7031769,4
2023-03-31,1,2,0.042263307,0.241258,0.7164787,4
2023-04-03,2,2,0.062051203,0.39370924,0.5442396,4
2023-04-05,1,2,0.019304808,0.31000292,0.67069227,4
2023-04-06,1,2,0.16633818,0.3611078,0.47255397,4
2023-04-10,2,1,0.26653376,0.4271844,0.3062818,4
2023-04-11,2,2,0.31465957,0.20296888,0.4823716,4
2023-04-12,1,2,0.19469702,0.10419329,0.7011097,4
2023-04-13,0,2,0.2610713,0.15681876,0.5821099,4
2023-04-17,0,2,0.050694518,0.13733074,0.8119747,4
2023-04-18,1,2,0.04879428,0.060261052,0.8909447,4
2023-04-19,1,2,0.10510219,0.015537229,0.87936056,4
2023-04-20,1,2,0.056061473,0.02133332,0.9226052,4
2023-04-21,2,2,0.37905362,0.015655935,0.6052904,4
2023-04-24,1,2,0.37776434,0.06755373,0.55468196,4
2023-04-25,1,0,0.8414172,0.018715208,0.13986756,4
2023-04-26,2,0,0.8132354,0.016017236,0.17074732,4
2023-04-27,2,0,0.5944811,0.06712398,0.3383949,4
2023-04-28,2,1,0.11250945,0.7028488,0.18464176,4
2023-05-02,0,0,0.66856843,0.23188278,0.09954884,4
2023-05-03,2,0,0.8977338,0.06661553,0.035650704,4
2023-05-04,0,2,0.11378931,0.36743885,0.5187719,4
2023-05-05,2,0,0.68993545,0.18278879,0.12727572,4
2023-05-08,1,1,0.09918688,0.598602,0.3022111,4
2023-05-09,2,0,0.43068665,0.27719367,0.29211965,4
2023-05-10,1,1,0.28453216,0.48698026,0.22848757,4
2023-05-11,1,0,0.5087519,0.34789157,0.14335652,4
2023-05-12,2,1,0.28976095,0.5096177,0.20062135,4
2023-05-15,0,1,0.08195406,0.77557224,0.1424737,4
2023-05-16,0,1,0.3534762,0.4685185,0.17800537,4
2023-05-17,0,1,0.073495954,0.6794487,0.24705529,4
2023-05-18,2,0,0.5284561,0.2497271,0.22181682,4
2023-05-19,2,1,0.16480745,0.51857173,0.3166208,4
2023-05-22,1,0,0.68237454,0.08645392,0.23117155,4
2023-05-23,0,0,0.68269175,0.014506594,0.30280164,4
2023-05-24,1,0,0.40998417,0.21439059,0.37562525,4
2023-05-25,2,0,0.50679654,0.057892814,0.43531063,4
2023-05-26,2,1,0.1191581,0.4928367,0.38800523,4
2023-05-29,1,0,0.37293303,0.255498,0.37156895,4
2023-05-30,0,0,0.46552998,0.13388419,0.40058583,4
2023-05-31,0,0,0.5819846,0.14449847,0.27351692,4
2023-06-01,2,0,0.85299754,0.055825293,0.09117723,4
2023-06-02,2,0,0.762145,0.023545401,0.21430962,4
2023-06-05,1,0,0.762033,0.022410529,0.21555646,4
2023-06-06,2,0,0.72453845,0.016419243,0.25904235,4
2023-06-07,0,0,0.60797536,0.14826536,0.24375932,4
2023-06-08,0,0,0.8532095,0.07653128,0.070259236,4
2023-06-09,1,0,0.8068606,0.041258372,0.15188102,4
2023-06-12,2,0,0.7418268,0.02145275,0.23672047,4
2023-06-13,1,0,0.64661735,0.06764012,0.28574255,4
2023-06-14,0,0,0.8766748,0.017106395,0.10621879,4
2023-06-15,2,0,0.97497034,0.014242118,0.010787564,4
2023-06-16,0,0,0.60180116,0.13692144,0.2612774,4
2023-06-19,2,0,0.7403656,0.19554657,0.064087816,4
2023-06-20,1,0,0.61943185,0.1463985,0.23416963,4
2023-06-21,0,0,0.78023505,0.021821234,0.19794376,4
2023-06-22,0,0,0.7771515,0.071803175,0.15104531,4
2023-06-23,1,0,0.7981484,0.12183174,0.08001988,4
2023-06-26,2,0,0.55310565,0.06914668,0.37774765,4
2023-06-27,2,0,0.4748714,0.3011568,0.22397183,4
2023-06-28,2,0,0.47096077,0.1450049,0.3840343,4
2023-06-30,2,0,0.46013758,0.35583535,0.1840271,4
2023-07-03,2,0,0.6728006,0.19148314,0.13571624,4
2023-07-04,1,0,0.611861,0.13390924,0.25422975,4
2023-07-05,2,0,0.68628603,0.035493273,0.27822068,4
2023-07-06,0,0,0.6705144,0.18077949,0.14870611,4
2023-07-07,1,0,0.5817236,0.25540888,0.16286753,4
2023-07-10,2,0,0.7259804,0.110063575,0.16395599,4
2023-07-11,0,0,0.42237264,0.39418483,0.18344252,4
2023-07-12,1,0,0.8638612,0.06542966,0.07070911,4
2023-07-13,2,0,0.78666997,0.098209895,0.11512014,4
2023-07-14,2,1,0.31859288,0.53396547,0.14744166,4
2023-07-17,1,1,0.34737903,0.46799755,0.18462346,4
2023-07-18,2,0,0.61952734,0.19930209,0.18117063,4
2023-07-19,2,0,0.5858215,0.27806705,0.13611144,4
2023-07-20,0,0,0.6298185,0.28824452,0.08193697,4
2023-07-21,0,0,0.75680625,0.12150935,0.12168441,4
2023-07-24,1,0,0.6271828,0.3194799,0.053337272,4
2023-07-25,2,0,0.8530737,0.0839683,0.06295805,4
2023-07-26,0,0,0.52469647,0.36839253,0.10691104,4
2023-07-27,1,0,0.49484625,0.24673982,0.25841394,4
2023-07-28,2,2,0.3418337,0.069308765,0.58885753,4
2023-07-31,1,2,0.37315804,0.06948636,0.5573556,4
2023-08-01,0,0,0.6311158,0.12849489,0.24038933,4
2023-08-02,0,0,0.6807367,0.13492422,0.18433909,4
2023-08-03,2,0,0.5718979,0.046616767,0.38148525,4
2023-08-04,2,0,0.56588274,0.2398178,0.19429944,4
2023-08-07,1,0,0.43457457,0.35276157,0.21266383,4
2023-08-08,2,0,0.7706452,0.10289348,0.1264613,4
2023-08-09,0,0,0.4756497,0.18139093,0.3429594,4
2023-08-10,0,0,0.7231741,0.15535943,0.12146649,4
2023-08-11,1,0,0.8369849,0.087653294,0.07536186,4
2023-08-14,1,0,0.7335297,0.036202367,0.23026794,4
2023-08-16,0,2,0.28247795,0.046918333,0.67060375,4
2023-08-17,0,0,0.62979096,0.146921,0.223288,4
2023-08-18,2,0,0.6268515,0.047479454,0.32566902,4
2023-08-21,1,0,0.7075381,0.05718349,0.2352784,4
2023-08-22,1,0,0.7864415,0.021216538,0.19234192,4
2023-08-23,0,0,0.7570204,0.043825828,0.19915377,4
2023-08-24,0,0,0.86307436,0.021791367,0.115134254,4
2023-08-25,1,0,0.5954088,0.07151879,0.3330724,4
2023-08-28,1,0,0.64394826,0.07251738,0.28353435,4
2023-08-29,1,0,0.51463133,0.054871816,0.43049684,4
2023-08-30,0,0,0.64704394,0.04146297,0.31149307,4
2023-08-31,2,0,0.573673,0.08982521,0.33650178,4
2023-09-01,2,2,0.2665977,0.15473825,0.57866406,4
2023-09-04,1,2,0.35797313,0.224836,0.41719088,4
2023-09-05,1,0,0.562309,0.15936035,0.2783306,4
2023-09-06,2,0,0.49505484,0.11356814,0.39137697,4
2023-09-07,2,2,0.217863,0.2937849,0.48835212,4
2023-09-08,2,0,0.50868833,0.18134627,0.3099654,4
2023-09-11,1,2,0.121008866,0.31096715,0.568024,4
2023-09-12,2,0,0.80925703,0.058364496,0.13237849,4
2023-09-13,1,0,0.749929,0.15602514,0.094045825,4
2023-09-14,2,0,0.9166286,0.050516024,0.032855403,4
2023-09-15,0,0,0.7418268,0.14132886,0.1168444,4
2023-09-18,0,0,0.97270423,0.012228423,0.015067376,4
2023-09-20,0,0,0.44035572,0.27665016,0.2829941,4
2023-09-21,0,0,0.68889827,0.22035542,0.09074634,4
2023-09-22,1,0,0.55774504,0.29231986,0.14993511,4
2023-09-25,1,2,0.4441802,0.08471902,0.47110078,4
2023-09-26,2,0,0.53346586,0.20834026,0.25819388,4
2023-09-27,0,0,0.47674432,0.28356513,0.23969059,4
2023-09-28,2,0,0.4766025,0.051472638,0.47192484,4
2023-09-29,0,0,0.4346994,0.25073075,0.3145699,4
2023-10-03,0,2,0.3769203,0.0637926,0.55928713,4
2023-10-04,2,2,0.4428062,0.052497424,0.50469637,4
2023-10-05,2,0,0.46017468,0.15116906,0.3886563,4
2023-10-06,0,0,0.52130616,0.18571886,0.292975,4
2023-10-09,2,2,0.29533285,0.32137418,0.38329294,4
2023-10-10,2,1,0.2027321,0.43033925,0.36692867,4
2023-10-11,1,1,0.2050586,0.4687955,0.32614583,4
2023-10-12,1,0,0.5465647,0.22343498,0.23000032,4
2023-10-13,1,0,0.6681367,0.117219664,0.21464361,4
2023-10-16,2,2,0.24445324,0.047953058,0.70759374,4
2023-10-17,0,2,0.1059406,0.24138083,0.6526786,4
2023-10-18,1,1,0.3035337,0.36339504,0.33307126,4
2023-10-19,0,2,0.31011906,0.085216954,0.60466397,4
2023-10-20,0,0,0.47936898,0.18706478,0.3335663,4
2023-10-23,0,0,0.7329766,0.071755916,0.19526751,4
2023-10-25,0,2,0.27618617,0.014105974,0.70970786,4
2023-10-26,2,2,0.23552638,0.042209543,0.7222641,4
2023-10-27,2,2,0.18877542,0.06227736,0.7489472,4
2023-10-30,0,0,0.48105967,0.07020562,0.4487347,4
2023-10-31,0,0,0.70776737,0.02958532,0.26264736,4
2023-11-01,2,2,0.40265778,0.03139316,0.5659491,4
2023-11-02,2,0,0.61617005,0.19123924,0.1925907,4
2023-11-03,2,2,0.34996265,0.22777326,0.4222641,4
2023-11-06,1,1,0.21163237,0.6479507,0.14041695,4
2023-11-07,1,0,0.82130545,0.07817062,0.100523874,4
2023-11-08,1,0,0.5654546,0.1797408,0.25480458,4
2023-11-09,1,0,0.57106,0.10495683,0.32398316,4
2023-11-10,1,2,0.37510875,0.12316644,0.5017248,4
2023-11-13,2,0,0.4997315,0.051458173,0.4488103,4
2023-11-15,2,0,0.36126322,0.30003336,0.33870345,4
2023-11-16,1,0,0.6570274,0.20473513,0.13823745,4
2023-11-17,1,0,0.6415625,0.078668036,0.27976942,4
2023-11-20,2,0,0.591127,0.08575042,0.3231226,4
2023-11-21,1,2,0.13154201,0.2669489,0.6015091,4
2023-11-22,1,0,0.59558034,0.099098526,0.3053211,4
2023-11-23,1,2,0.3505907,0.13148858,0.51792073,4
2023-11-24,2,0,0.75067717,0.009261376,0.24006143,4
2023-11-28,2,0,0.785378,0.07227424,0.14234777,4
2023-11-29,1,1,0.19515075,0.51654303,0.28830627,4
2023-11-30,2,0,0.95674586,0.0145206805,0.028733514,4
2023-12-01,2,0,0.67315876,0.20139286,0.12544835,4
2023-12-04,2,0,0.4347125,0.22626017,0.33902737,4
2023-12-05,2,0,0.45401788,0.4007758,0.14520632,4
2023-12-06,1,1,0.40292674,0.56192183,0.03515146,4
2023-12-07,2,1,0.40951842,0.54241085,0.048070718,4
2023-12-08,1,1,0.35800108,0.62373435,0.018264608,4
2023-12-11,0,1,0.35502455,0.57656443,0.06841097,4
2023-12-12,1,1,0.17509925,0.80329525,0.021605536,4
2023-12-13,2,0,0.5341985,0.38465437,0.08114714,4
2023-12-14,2,1,0.18772195,0.79673207,0.015546006,4
2023-12-15,1,1,0.2204559,0.75793076,0.021613367,4
2023-12-18,1,0,0.61817545,0.31256407,0.06926048,4
2023-12-19,0,0,0.59626234,0.352986,0.05075163,4
2023-12-20,2,0,0.71816105,0.20648314,0.07535581,4
2023-12-21,2,1,0.23508789,0.74095947,0.02395268,4
2023-12-22,2,1,0.22924417,0.75083035,0.01992548,4
2023-12-26,2,1,0.32751003,0.5930528,0.07943718,4
2023-12-27,2,1,0.05713676,0.9187899,0.024073357,4
2023-12-28,1,1,0.2857858,0.6647381,0.049476117,4
2023-12-29,1,0,0.8271986,0.12756844,0.045232907,4
